,start,beta,natom,nmol,energy
0,500,0,40,64,176.37584078879183
1,100,25,20,32,14.054970668824158
2,700,0,60,64,248.05070126026516
3,700,25,90,64,295.09328965659284
4,200,25,80,64,208.20730447542041
5,900,0,50,10,229.71161938147512
6,600,0,80,64,352.40040981514727
7,900,0,80,32,316.94731785710326
8,300,25,80,10,186.2228890785041
9,400,25,60,32,164.92395947044477
10,500,0,80,10,467.57279638825383
11,700,0,10,64,35.463447736280614
12,900,0,20,32,36.31725231915542
13,600,25,30,32,84.47817045421803
14,300,0,100,32,486.6803168207276
15,700,0,70,32,296.1200445415987
16,700,25,40,32,147.41141956472936
17,700,25,40,10,83.55005163473737
18,700,0,30,10,44.443364070235575
19,300,0,40,10,175.7849739030628
20,900,0,70,32,333.3909400668475
21,200,0,70,32,338.5946275222839
22,900,0,40,10,163.33693857001236
23,100,25,100,64,281.38505452304895
24,200,25,60,10,169.54353791489774
25,700,0,60,32,235.58643348456093
26,500,25,50,64,175.60153591558205
27,600,0,10,64,16.616954315918004
28,800,0,10,10,36.14436398386179
29,400,0,80,64,352.7551599292475
30,900,0,30,32,83.21008563470423
31,300,25,40,32,120.85146544370312
32,200,25,50,10,138.32400845735555
33,600,0,10,32,34.61625794071041
34,200,0,50,64,216.18646457375547
35,400,0,10,32,51.00798042972018
36,400,25,40,10,61.654056535765605
37,300,25,50,64,135.56416070248622
38,200,0,100,10,480.25212796779454
39,800,25,30,64,122.4134561691032
40,100,0,60,64,239.20345335681822
41,800,0,60,32,245.28656520549688
42,600,25,20,64,59.73613469410795
43,800,25,100,64,262.6479074022791
44,900,0,100,64,433.6588188806954
45,800,0,40,64,188.7653206930185
46,200,25,90,32,250.20981642062335
47,300,0,70,10,318.06550750738995
48,700,0,100,10,549.4332705747256
49,500,0,90,10,300.17277995892357
50,300,0,40,64,156.69996834622054
51,800,25,80,64,223.7777668655374
52,400,25,50,10,114.01491404949577
53,100,25,90,32,232.31480104106524
54,300,25,40,10,278.5985196152882
55,200,25,100,10,335.57251707191176
56,400,0,40,64,133.48433749463643
57,200,25,80,32,224.73045576926432
58,800,0,70,10,296.9200668848076
59,200,0,10,64,34.700412509965275
60,600,25,20,32,68.30221011240866
61,500,25,20,32,49.64486151289499
62,300,25,20,64,48.77487563890637
63,300,0,20,10,17.19487692243366
64,300,0,80,10,297.1445624262032
65,100,25,10,10,17.935167261457554
66,400,25,90,32,285.5838830446062
67,700,0,20,64,69.74766688463322
68,100,0,50,64,220.0306886607343
69,400,0,90,32,368.5740393302689
70,200,0,10,10,58.464494893582945
71,800,0,50,10,270.4369572074021
72,600,0,100,10,342.5315096940229
73,200,0,30,10,103.78246018070524
74,700,25,30,32,47.0222340048934
75,300,0,50,10,199.5957315609626
76,900,0,90,64,372.175989793936
77,600,0,70,10,325.2089704658313
78,900,25,50,32,195.9913600769501
79,500,25,90,10,255.59468921148428
80,100,0,50,10,231.35154659467122
81,500,25,40,32,157.25872380425315
82,400,0,20,64,46.51728002358224
83,100,25,80,32,223.87942450567712
84,500,25,40,10,308.1028902130448
85,800,25,90,64,294.49215174995624
86,900,25,40,32,1589114.6303058856
87,100,0,10,32,27.683057262231348
88,100,25,70,32,164.11593271686962
89,500,0,20,10,105.49446426943919
90,700,0,40,10,128.08656691775462
91,600,25,80,64,236.5686378795657
92,600,25,10,64,73.17251366168458
93,700,25,10,10,47.59238873018346
94,900,0,60,10,271.4526811684268
95,100,0,70,32,296.63803743141034
96,200,0,20,32,52.35230621522396
97,800,0,100,10,434.5013182593117
98,100,25,30,10,81.88632786262025
99,800,25,70,64,205.5775517931587
100,100,0,100,10,432.21111915094497
101,900,0,30,64,112.80248019160615
102,200,0,50,10,213.19224662915653
103,400,0,30,64,76.72220776742321
104,700,25,90,10,191.2650307573002
105,100,25,60,64,157.9277532032626
106,500,0,90,32,423.9591425906589
107,600,25,50,10,147.69442276727557
108,900,25,90,64,273.88492587948366
109,800,25,80,32,190.97477905792377
110,900,0,30,10,76.91171160336057
111,800,0,40,10,139.8606189262737
112,300,25,100,10,285.80704772983984
113,500,0,40,10,147.99193162433866
114,500,25,50,10,119.61397042160516
115,600,0,70,32,283.94252121135685
116,400,25,100,64,293.69479194375606
117,500,25,60,32,163.26236919682574
118,900,25,90,32,257.7881453786655
119,100,25,90,10,264.877848952264
120,300,0,30,10,67.39388494335503
121,300,0,30,64,110.93379681424436
122,700,0,10,32,45.322929543778656
123,700,25,90,32,281.24607973840574
124,400,25,20,32,137.14016538028872
125,200,0,40,10,122.7087296632399
126,200,0,80,64,386.15568609902965
127,100,0,30,64,81.99174231930478
128,500,25,30,10,309.72826363772697
129,900,0,40,32,153.55473906050958
130,800,0,30,64,94.74253590405323
131,500,25,40,64,110.31006039114085
132,300,25,50,10,124.79749598561256
133,700,25,30,64,59.83197555601645
134,600,0,60,64,240.135134050969
135,800,0,100,32,369.5603051578711
136,700,0,50,10,204.36003944010417
137,300,25,10,32,33.205208288122144
138,700,25,70,10,178.1685813889932
139,100,0,80,32,344.634761006381
140,400,0,70,10,423.3455090200744
141,700,0,70,10,357.7321652092782
142,900,0,70,64,284.6347330966596
143,900,25,60,32,297.2481488810425
144,400,25,10,32,151.34144738879564
145,900,25,70,64,188.18248422123423
146,900,0,100,32,445.23827801886154
147,400,0,40,32,151.30423166391472
148,400,0,10,64,36.74937526731238
149,700,0,30,64,78.50228721605085
150,500,25,10,10,61.64737518760089
151,100,0,100,64,428.3466376542302
152,900,25,80,64,220.46824513439103
153,600,25,30,64,70.13092103512524
154,500,0,60,32,259.03450908144583
155,600,0,20,10,17.16243477353253
156,500,0,30,32,97.05094783665157
157,400,25,90,10,341.42708288127875
158,600,0,60,32,299.47249174376924
159,400,25,60,64,202.1555170566752
160,400,0,90,10,373.3206021323928
161,200,0,30,32,77.07264047661863
162,700,0,10,10,50.41842504213541
163,400,25,40,32,95.23025184908958
164,700,25,100,10,303.24341135392723
165,200,25,20,10,7.26388197852671
166,100,0,90,64,377.5170426420349
167,500,0,50,32,198.50546303299868
168,900,0,50,64,225.05856348002283
169,600,25,60,10,603.7640127005988
170,800,0,60,10,248.4160907864595
171,700,25,50,64,135.67058506640953
172,900,25,40,64,108.4260437638675
173,300,0,100,64,412.4574320834378
174,700,25,50,10,137.16930056915768
175,700,0,80,64,359.6016646740796
176,100,25,20,10,32.45947503626693
177,300,0,80,32,344.7957685365989
178,600,0,90,64,339.6994596365859
179,600,25,100,64,286.46724775021494
180,700,25,100,32,281.44462456835043
181,200,25,50,64,111.38242710908335
182,600,0,60,10,184.85898418430256
183,800,25,30,10,67.59488743834838
184,900,25,10,10,285.13352660334095
185,700,25,20,32,64.08036560058969
186,100,25,70,64,156.38324090171798
187,500,0,80,64,381.40651549865476
188,900,0,20,10,37.76154849195676
189,600,25,20,10,111.11375235907364
190,800,0,90,10,409.99841575360983
191,100,25,30,64,58.25307793527252
192,400,0,60,32,273.57395771435836
193,100,25,50,32,88.42946250620261
194,600,0,80,10,320.81157150166223
195,900,25,60,10,122.38972031236456
196,300,25,80,64,228.4309208964549
197,200,0,60,64,223.99096742563805
198,700,25,60,10,167.36556859491014
199,200,0,20,10,17.90607167249492
200,200,25,60,64,159.06085619949508
201,300,0,90,32,385.20196799096107
202,300,25,20,10,26.872423642835674
203,100,0,10,10,12.658250111411162
204,400,25,50,64,126.15087646864741
205,100,25,100,10,341.90081074247826
206,300,25,90,32,255.9509891780011
207,400,25,70,10,183.0473858928219
208,900,0,70,10,240.8281075370864
209,400,0,80,32,358.9274012932652
210,400,0,70,64,320.04920662632503
211,700,0,50,64,201.5715450153301
212,800,0,70,64,297.6590443524678
213,800,0,50,32,206.44583544654472
214,500,0,20,64,34.06676303422375
215,800,25,60,64,199.33221848430395
216,900,0,90,10,431.3207011853801
217,700,25,60,64,170.19744159097104
218,400,25,10,10,50.522322571861686
219,600,0,50,10,250.4513424466727
220,800,0,40,10,149.18230671296493
221,300,25,70,64,183.59619986033402
222,100,0,70,64,314.7233215542553
223,300,0,90,64,376.26168797485593
224,300,25,30,64,74.16222608206611
225,600,25,100,32,324.6108590685433
226,800,25,70,10,207.63034185802235
227,100,25,50,64,158.8907832250829
228,600,25,40,10,179.54649015425966
229,300,25,70,10,153.18479211211064
230,900,0,50,32,225.3847676435961
231,100,25,60,10,168.55297359374518
232,700,0,20,10,63.99488318817064
233,100,0,60,10,287.76122297577035
234,800,25,40,64,141.68773285698626
235,400,0,50,64,220.6586028888998
236,500,25,70,64,216.61965199371977
237,200,25,90,10,252.78504613763613
238,700,25,40,64,133.40001679788386
239,500,0,70,10,395.39284637213115
240,200,0,60,32,291.26232461462496
241,100,25,50,10,118.29374781079459
242,900,25,30,64,108.00851975270001
243,200,25,30,32,48.973515825570836
244,800,0,60,64,267.98714120987034
245,100,0,90,32,388.5205240362591
246,800,25,100,32,329.66451883670703
247,200,25,40,10,67.61710663370545
248,400,25,20,10,129.66289156449358
249,300,0,50,32,172.43089853355724
250,400,0,60,10,211.9657670604695
251,900,0,60,32,272.6841209297887
252,700,25,70,32,200.93736615118584
253,200,0,40,32,169.0053122188225
254,800,0,90,32,426.63944692571243
255,900,25,20,10,326.2613254416116
256,500,0,20,32,50.21311296304435
257,800,25,20,64,66.78576951396101
258,500,0,70,32,322.2436165670407
259,800,0,50,64,218.2437676669167
260,500,0,90,64,422.39613956500114
261,600,25,70,32,180.14395784698343
262,500,0,100,32,451.6314742028636
263,500,25,90,32,255.9213840912069
264,400,0,100,10,388.85893274801083
265,600,25,70,64,241.22829194547924
266,200,25,20,64,36.358844428393965
267,600,25,90,32,297.42173984574737
268,900,25,50,64,156.81952309902093
269,700,25,50,32,220.68450717980915
270,500,0,50,10,204.15663006935614
271,800,25,60,32,165.5986416477874
272,100,25,90,64,231.0652062421939
273,400,0,100,64,419.54930161714475
274,300,25,100,32,287.6826345591767
275,600,0,70,64,293.5644275746272
276,800,0,30,32,113.80912875375076
277,300,0,10,32,30.19603592884233
278,200,25,10,64,44.14309124073185
279,200,0,60,10,246.51489870130823
280,600,0,20,32,36.27021975739393
281,400,0,50,32,217.32640596623725
282,300,25,10,64,28.775592160297677
283,200,25,30,10,57.747924732339406
284,700,25,20,64,8507.230551676817
285,400,25,100,32,272.8175974462648
286,500,25,70,10,128.2717592144973
287,400,25,80,64,213.12647582207813
288,200,0,100,64,388.5132173284698
289,200,0,30,64,92.70723749465822
290,600,25,70,10,220.60976546683426
291,300,25,80,32,251.7066511784138
292,800,0,20,10,34.34426656347419
293,300,25,40,64,95.48857782086287
294,200,0,70,10,520.0166784890355
295,300,25,100,64,301.94050201535356
296,500,0,50,64,214.19515690498622
297,300,0,70,32,283.29064589994704
298,700,0,70,64,301.40853628845656
299,600,0,30,10,92.60921596273167
300,800,25,80,10,181.90126040779674
301,600,25,80,10,221.1154378983226
302,700,0,90,32,383.0056202370579
303,600,25,40,64,141.38135279896917
304,500,25,80,64,228.83949205835344
305,800,25,10,10,93.31115373986913
306,900,0,40,10,132.20410792614433
307,800,0,80,32,355.3980238263481
308,800,0,20,64,30.25945711981208
309,500,0,60,10,277.29047478991504
310,900,25,70,32,205.99266826903127
311,900,0,80,10,369.7977865791104
312,600,25,30,10,104.12889726305787
313,100,0,30,32,79.67885342728397
314,700,25,80,10,298.37974413992106
315,100,0,30,10,66.34805047612429
316,400,0,60,64,276.9734207577345
317,300,0,40,32,149.36618279928393
318,500,0,10,32,21.44873627422997
319,800,25,70,32,182.7600426501118
320,200,0,40,64,132.55713598325005
321,900,25,10,32,206.94227107675283
322,600,0,100,32,390.5489561418953
323,700,0,40,32,134.54473035813476
324,800,0,10,64,64.47822623132963
325,500,25,80,32,297.72911165094644
326,500,0,100,64,443.4962264691142
327,700,25,60,32,181.5550282808706
328,300,25,10,10,10.301357869878448
329,200,25,10,10,69.46132521715785
330,300,25,90,10,236.2805432309107
331,200,0,40,10,170.2361853331497
332,100,25,60,32,161.48359055387556
333,600,0,40,10,130.80473496962617
334,700,0,30,32,108.51830007779131
335,600,25,40,32,172.99132221592097
336,400,25,80,10,286.1821124997907
337,500,25,20,64,57.67672748873726
338,600,25,60,32,177.17932821711918
339,200,25,70,32,163.8379993966954
340,500,25,50,32,142.84084443633063
341,400,25,50,32,145.23073278107262
342,900,25,100,10,272.4110043830418
343,800,25,40,10,87.4616290244489
344,400,25,60,10,217.17082123414215
345,900,25,80,10,174.74669342360647
346,800,25,100,10,247.10627211716528
347,200,25,100,32,237.58424629160308
348,700,25,30,10,70.97338500517829
349,100,0,10,64,834644.2964829303
350,300,0,70,64,303.03843933155326
351,900,0,10,64,26.328576066071683
352,600,0,30,32,68.90977073534431
353,700,25,10,64,101.06691280196519
354,600,25,10,10,86.13869050664874
355,400,25,40,64,132.4664967160997
356,100,0,20,10,54.79819892645742
357,100,25,70,10,144.35876250430164
358,900,25,40,10,98.0717427999978
359,800,25,10,64,81.13788372914453
360,500,25,20,10,37.27725978438301
361,100,0,40,10,136.74808179357098
362,700,0,60,10,304.03049410011533
363,700,0,90,10,414.9594467209111
364,600,25,80,32,298.71116829975324
365,300,0,40,10,177.515614528311
366,800,25,50,32,147.5509957465914
367,100,25,20,64,24.660281160530097
368,900,25,90,10,285.2723666118309
369,100,0,20,64,41.06786544729203
370,900,0,10,10,48.680497149360605
371,600,0,100,64,440.4910578439342
372,900,25,50,10,297.38681306500433
373,400,0,80,10,251.6907220738455
374,800,25,30,32,77.76426244616519
375,200,0,90,64,376.9469030859043
376,600,0,10,10,44.33340973952514
377,400,25,30,32,93.8562823923794
378,700,25,70,64,191.55350530322337
379,500,0,100,10,378.8054620205131
380,400,25,100,10,388.71057990794867
381,900,25,100,64,330.23094943586443
382,800,0,70,32,315.54584041683546
383,200,0,70,64,273.0842724127521
384,900,25,70,10,308.7620607139078
385,200,0,90,10,487.2585075671668
386,300,0,60,32,228.70484517838716
387,900,25,10,64,106.8947833391863
388,900,25,20,32,66.3630128794997
389,100,0,80,64,351.9756565522882
390,300,0,20,32,20.83696665271919
391,100,25,30,32,51.562273099788506
392,700,25,20,10,5.208542001898525
393,700,25,80,64,240.8418678339306
394,500,0,30,10,151.4498284447439
395,400,25,70,64,199.32060276951123
396,900,25,100,32,234.76749788030946
397,500,25,30,32,127.59053157494377
398,400,25,80,32,187.64374984812386
399,200,25,80,10,210.88147980495228
400,200,25,90,64,231.334457809475
401,600,0,90,32,395.6518968162928
402,700,0,20,32,32.64923701712944
403,900,0,80,64,356.89748807074125
404,100,25,80,10,216.12997319715035
405,800,0,80,10,243.3323370644363
406,500,25,10,32,76.99748598409745
407,400,0,90,64,382.90970059663994
408,600,0,40,10,135.44594230622982
409,200,25,30,64,68.03580995816127
410,400,0,30,10,67.6082620410437
411,800,25,60,10,147.54301778796167
412,500,0,60,64,250.87116514759418
413,300,0,20,64,46.03656980166771
414,600,25,50,32,131.1266068383159
415,300,25,30,10,65.00008218219592
416,900,25,30,10,80.63366046514565
417,900,0,60,64,259.56724507631134
418,100,25,10,32,30.55164443459348
419,300,0,80,64,317.3035811720118
420,600,25,50,64,129.0670264611038
421,200,25,70,64,193.9263201900975
422,300,25,70,32,193.1512776518103
423,400,0,50,10,247.2243815100466
424,200,25,10,32,35.083585680353366
425,800,0,40,32,155.84844909398237
426,800,25,50,10,329.06306490584916
427,200,25,40,32,97.5935181573001
428,700,25,10,32,90.15287246663341
429,800,25,40,32,93.43931415873494
430,100,25,40,10,77.00771674186583
431,600,25,90,64,277.43678019751513
432,800,25,20,32,156.1552083233735
433,500,25,100,10,375.20239349356694
434,500,0,30,64,82.64832568142722
435,700,0,40,10,132.21393598210292
436,400,0,100,32,420.804594453214
437,100,0,90,10,363.6588128823674
438,600,0,40,32,137.30474386759553
439,900,0,90,32,441.9459277938556
440,300,25,60,32,155.51231138506685
441,300,25,50,32,142.52267704359846
442,700,0,90,64,397.832057479107
443,100,25,40,64,87.09978191987972
444,500,0,40,10,134.9033217290094
445,100,0,20,32,55.85714848806262
446,700,25,100,64,346.6204997748972
447,100,0,80,10,286.35576219378925
448,500,25,100,32,313.1659382731174
449,600,0,50,64,220.2116926152479
450,100,0,40,32,127.78026364328264
451,600,0,40,64,157.38460505800617
452,800,25,20,10,49.35074894713913
453,300,0,30,32,80.717413487196
454,400,0,40,10,129.79638937757028
455,600,0,20,64,45.140230283660784
456,900,25,20,64,184.4675412768068
457,700,0,80,10,349.55713618636383
458,500,0,10,64,42.80323521968957
459,200,0,50,32,234.14652396626528
460,400,25,70,32,179.54389073484174
461,700,0,50,32,203.8831950261056
462,500,0,10,10,58.15324710635999
463,300,25,90,64,233.2790821821711
464,900,25,30,32,92.28221427112639
465,900,0,100,10,399.01236005753
466,600,25,100,10,212.98132346040788
467,200,0,10,32,27.662320161069843
468,800,25,90,32,234.77896846597957
469,900,25,60,64,248.67896563109633
470,200,0,90,32,337.9502220898956
471,300,0,10,64,36.94099701045814
472,600,25,10,32,84.97601140773368
473,100,0,40,64,142.2197092000379
474,400,0,30,32,79.2592534757101
475,200,25,50,32,120.56323582761794
476,500,25,60,64,173.94665073996742
477,800,0,100,64,427.47158575376267
478,300,25,20,32,63.55331741079567
479,100,0,60,32,253.44242048514502
480,200,0,80,10,268.6680977472563
481,300,25,30,32,67.48259036249443
482,600,0,80,32,335.4044983948164
483,100,25,40,32,91.84962228643467
484,600,0,90,10,488.25522548476494
485,700,0,80,32,321.76822664890756
486,100,25,100,32,224.61626432603572
487,500,25,10,64,49.85832313893696
488,500,0,70,64,331.5364259219466
489,500,25,100,64,271.37479663366844
490,900,0,40,64,160.28547086888634
491,400,0,70,32,326.7298919990104
492,300,0,60,64,231.99079649285355
493,300,0,90,10,436.50662698438566
494,600,25,90,10,196.47421872361323
495,700,0,40,64,148.78404757596888
496,300,0,50,64,198.33205834619588
497,300,0,60,10,333.8222507590019
498,100,25,10,64,33.25168852669665
499,100,0,70,10,403.70763605973264
500,500,0,40,32,159.15457202160292
501,200,25,40,64,102.01146431083762
502,800,0,30,10,122.1714135068643
503,800,25,90,10,194.06982950922514
504,200,0,80,32,328.59591365048044
505,400,25,30,64,55.977075313738986
506,300,25,60,64,205.02436280771315
507,800,25,10,32,120.17483818037628
508,200,25,70,10,202.904603619177
509,300,25,60,10,159.51224653085163
510,400,0,40,10,107.34382291954981
511,400,0,20,10,35.191663543864536
512,800,0,90,64,380.33675201415673
513,600,25,60,64,236.2973205803181
514,600,0,50,32,217.26863473190807
515,400,25,10,64,35.02833111581073
516,500,25,30,64,83.68862669753479
517,200,25,20,32,53.061345087824
518,500,0,80,32,388.90130988534645
519,200,25,100,64,259.7147568710727
520,400,25,30,10,53.37778420571868
521,400,25,20,64,75.61670585748803
522,500,25,60,10,161.1706501664046
523,100,25,80,64,209.67191858088424
524,900,25,80,32,228.3522158359378
525,400,0,10,10,64.60620260428448
526,200,25,60,32,146.3178692263224
527,500,25,90,64,272.5943755094575
528,400,0,20,32,119.27724994531486
529,500,25,80,10,269.6350050646971
530,200,0,20,64,41.74848241583882
531,800,0,20,32,58.237203234541255
532,100,0,100,32,408.6747879808567
533,800,25,50,64,145.41731928369546
534,400,25,90,64,290.96909297273055
535,200,0,100,32,422.40626485851624
536,300,0,10,10,17.230817369218354
537,800,0,10,32,68.10392906183156
538,700,25,80,32,170.60941206163312
539,900,0,20,64,51.57599731659527
540,700,0,100,64,476.9305360124042
541,800,0,80,64,344.64328163011294
542,100,0,50,32,229.550195827943
543,700,0,100,32,416.4660950003662
544,300,0,100,10,446.5304602427308
545,600,0,30,64,82.92594104335151
546,900,0,10,32,50.01220256357678
547,100,0,40,10,152.1821881282114
548,500,25,70,32,158.67278684595513
